n_clusters,labels,centers
2,[0 0 0 ... 1 1 1],"[[-0.19580681  0.69726129  0.68955521]
 [-0.97705784 -0.07864645 -0.19792099]
 [ 0.08377158  0.7124896  -0.69666412]]"
3,[2 0 2 ... 1 1 1],"[[-0.19580681  0.69726129  0.68955521]
 [-0.97705784 -0.07864645 -0.19792099]
 [ 0.08377158  0.7124896  -0.69666412]]"
4,[2 0 2 ... 3 3 3],"[[-0.19580681  0.69726129  0.68955521]
 [-0.97705784 -0.07864645 -0.19792099]
 [ 0.08377158  0.7124896  -0.69666412]]"
5,[0 2 0 ... 3 3 3],"[[-0.19580681  0.69726129  0.68955521]
 [-0.97705784 -0.07864645 -0.19792099]
 [ 0.08377158  0.7124896  -0.69666412]]"
6,[5 0 2 ... 3 3 3],"[[-0.19580681  0.69726129  0.68955521]
 [-0.97705784 -0.07864645 -0.19792099]
 [ 0.08377158  0.7124896  -0.69666412]]"
7,[5 6 2 ... 3 3 3],"[[-0.19580681  0.69726129  0.68955521]
 [-0.97705784 -0.07864645 -0.19792099]
 [ 0.08377158  0.7124896  -0.69666412]]"
8,[5 6 0 ... 7 7 7],"[[-0.19580681  0.69726129  0.68955521]
 [-0.97705784 -0.07864645 -0.19792099]
 [ 0.08377158  0.7124896  -0.69666412]]"
